6622,2350,9284,,6622 2350 9284
2161 6729 3627,,,,2161 6729 3627  
8384,2795,9970,,8384 2795 9970
6213,3631,4249,,6213 3631 4249
1667,9750,5883,,1667 9750 5883
249,3285,1294,,249 3285 1294
8580,3038,2541,,8580 3038 2541
3149,5544,800,,3149 5544 800
2075,8515,6125,,2075 8515 6125
2625,2331,7140,,2625 2331 7140
9621 6511 5606,,,,9621 6511 5606  
9899,6008,5332,,9899 6008 5332
3199,4778,9389,,3199 4778 9389
4658,6966,1990,,4658 6966 1990
4193,6111,819,,4193 6111 819
611,3211,9265,,611 3211 9265
1515,5551,5643,,1515 5551 5643
3684,6989,6402,,3684 6989 6402
2498,2728,6494,,2498 2728 6494
9986,8228,9793,,9986 8228 9793
5729 4446 3058,,,,5729 4446 3058  
4573,9279,3235,,4573 9279 3235
3454,3811,1054,,3454 3811 1054
6577 1342 0041,,,,6577 1342 0041  
730,2230,5301,,730 2230 5301
6394,7636,3284,,6394 7636 3284
5830 8497 2427,,,,5830 8497 2427  
3562 4645 2629,,,,3562 4645 2629  
4102 5454 0982,,,,4102 5454 0982  
6837 6877 7756,,,,6837 6877 7756  
5870,1801,7853,,5870 1801 7853
8589,6282,5268,,8589 6282 5268
3597 7125 2585,,,,3597 7125 2585  
7950,1459,6537,,7950 1459 6537
3191,4360,1350,,3191 4360 1350
5893 7378 2799,,,,5893 7378 2799  
5383,9167,1172,,5383 9167 1172
1602,4374,7503,,1602 4374 7503
4542,2314,475,,4542 2314 475
5559 9426 3916,,,,5559 9426 3916  
4409,9109,985,,4409 9109 985
8730,5083,3227,,8730 5083 3227
3300,931,8388,,3300 931 8388
2407 2148 7453,,,,2407 2148 7453  
6316 5191 4857,,,,6316 5191 4857  
5252,2107,8328,,5252 2107 8328
7669,2182,5423,,7669 2182 5423
9376 9305 1251,,,,9376 9305 1251  
8763,8304,84,,8763 8304 84
4322 0446 4154,,,,4322 0446 4154  
8128,1396,7951,,8128 1396 7951
2127 9469 1096,,,,2127 9469 1096  
5465,6320,5020,,5465 6320 5020
2058,6244,7535,,2058 6244 7535
5573,788,3571,,5573 788 3571
9533 6945 2700,,,,9533 6945 2700  
8335 1786 6340,,,,8335 1786 6340  
1833 7039 5808,,,,1833 7039 5808  
4504 5948 0441,,,,4504 5948 0441  
1963,7906,6990,,1963 7906 6990
2627 6982 7928,,,,2627 6982 7928  
3984,9662,8526,,3984 9662 8526
6907 9926 3070,,,,6907 9926 3070  
7780,5943,9354,,7780 5943 9354
8563 8585 3725,,,,8563 8585 3725  
1647 2992 1592,,,,1647 2992 1592  
6930,4090,7834,,6930 4090 7834
6835,6406,520,,6835 6406 520
3629,4136,7657,,3629 4136 7657
4092,8390,1243,,4092 8390 1243
9584,9201,9782,,9584 9201 9782
7480,6152,9092,,7480 6152 9092
1528,4246,8748,,1528 4246 8748
6840 1550 7777,,,,6840 1550 7777  
1534 7393 0057,,,,1534 7393 0057  
7778,4411,5944,,7778 4411 5944
91,4838,4453,,91 4838 4453
9851 2041 4147,,,,9851 2041 4147  
2913,5645,7241,,2913 5645 7241
3299 3885 7430,,,,3299 3885 7430  
396,6776,7816,,396 6776 7816
1684,464,4693,,1684 464 4693
1017 5029 5506,,,,1017 5029 5506  
3697,3406,4364,,3697 3406 4364
4074,7372,991,,4074 7372 991
4771,3176,8289,,4771 3176 8289
3492,5684,720,,3492 5684 720
5057,4980,6731,,5057 4980 6731
5335 1321 9289,,,,5335 1321 9289  
9615,7817,7604,,9615 7817 7604
6790 0217 9540,,,,6790 0217 9540  
9233,7113,7861,,9233 7113 7861
2932,2136,8267,,2932 2136 8267
1314,2270,1803,,1314 2270 1803
7480 7932 9633,,,,7480 7932 9633  
2010,1889,7684,,2010 1889 7684
4391 3560 6883,,,,4391 3560 6883  
3119,2063,6381,,3119 2063 6381
7754 8354 1074,,,,7754 8354 1074  
4219 1441 7663,,,,4219 1441 7663  
3172,755,1928,,3172 755 1928
7073,7667,7567,,7073 7667 7567
7108 5237 4515,,,,7108 5237 4515  
2851,2310,3815,,2851 2310 3815
5107,7011,6413,,5107 7011 6413
3133,9246,129,,3133 9246 129
0352 3443 0027,,,,0352 3443 0027  
7583,1766,1567,,7583 1766 1567
9120 2241 1404,,,,9120 2241 1404  
1534,8176,2966,,1534 8176 2966
6989,4600,9333,,6989 4600 9333
2010,105,9680,,2010 105 9680
6896,9082,602,,6896 9082 602
7529 8921 3332,,,,7529 8921 3332  
5699,2164,640,,5699 2164 640
6176 5363 3205,,,,6176 5363 3205  
2358,9575,3996,,2358 9575 3996
5379,8523,2076,,5379 8523 2076
8894,2780,1051,,8894 2780 1051
4369,352,8037,,4369 352 8037
8348 7047 6746,,,,8348 7047 6746  
698,4539,5193,,698 4539 5193
8795,8320,3153,,8795 8320 3153
554,2705,1732,,554 2705 1732
6280 4115 0243,,,,6280 4115 0243  
5011,1212,517,,5011 1212 517
5518,2372,4750,,5518 2372 4750
5255 8331 4329,,,,5255 8331 4329  
7527,9690,3925,,7527 9690 3925
754,7319,7326,,754 7319 7326
8792,260,277,,8792 260 277
0410 0893 6192,,,,0410 0893 6192  
9993,5858,1242,,9993 5858 1242
318,8401,3864,,318 8401 3864
9375,7454,7491,,9375 7454 7491
9993 2083 9108,,,,9993 2083 9108  
1130,1240,795,,1130 1240 795
8377,4634,1888,,8377 4634 1888
7860,7132,5921,,7860 7132 5921
910,8382,6465,,910 8382 6465
6940,7740,6743,,6940 7740 6743
6682,7270,32,,6682 7270 32
4109 9101 3459,,,,4109 9101 3459  
3977 5096 9096,,,,3977 5096 9096  
76,5206,2207,,76 5206 2207
5640,4017,2597,,5640 4017 2597
721,5842,785,,721 5842 785
7130,1466,7510,,7130 1466 7510
5490,2308,1281,,5490 2308 1281
3160 9635 1252,,,,3160 9635 1252  
3467 5999 2890,,,,3467 5999 2890  
8984,6304,184,,8984 6304 184
174,9718,5480,,174 9718 5480
2526,7790,928,,2526 7790 928
5167,7064,6506,,5167 7064 6506
2283 0565 1280,,,,2283 0565 1280  
8639,3240,1247,,8639 3240 1247
6775,4587,3420,,6775 4587 3420
2879,524,1770,,2879 524 1770
7316,3498,1187,,7316 3498 1187
6503,5064,6941,,6503 5064 6941
4008,946,1624,,4008 946 1624
7040,3461,6032,,7040 3461 6032
5550,9324,6302,,5550 9324 6302
581,3937,1119,,581 3937 1119
1311 1271 9746,,,,1311 1271 9746  
3328,4078,2343,,3328 4078 2343
4294,7699,3657,,4294 7699 3657
4812,9725,6974,,4812 9725 6974
2039,9920,7844,,2039 9920 7844
2210,583,7929,,2210 583 7929
2985,1219,2709,,2985 1219 2709
9586,9642,94,,9586 9642 94
6525,4959,8218,,6525 4959 8218
5848,8308,1566,,5848 8308 1566
3006 1836 3816,,,,3006 1836 3816  
3167 0448 8399,,,,3167 0448 8399  
0495 3110 5720,,,,0495 3110 5720  
7819,1578,9154,,7819 1578 9154
2535,4456,9447,,2535 4456 9447
9699,743,3633,,9699 743 3633
6333,9773,3177,,6333 9773 3177
1706,9837,5455,,1706 9837 5455
8772,914,3582,,8772 914 3582
200,4122,2775,,200 4122 2775
4159 2290 4640,,,,4159 2290 4640  
414,1050,8200,,414 1050 8200
2695 1325 4699,,,,2695 1325 4699  
5407 7366 9737,,,,5407 7366 9737  
9841,873,342,,9841 873 342
8641,407,1061,,8641 407 1061
865,397,5839,,865 397 5839
8329,890,6463,,8329 890 6463
7475 3926 4439,,,,7475 3926 4439  
1407,2378,8034,,1407 2378 8034
6225 1859 3371,,,,6225 1859 3371  
7791,6586,3010,,7791 6586 3010
9706,6089,5363,,9706 6089 5363
7831,6132,8100,,7831 6132 8100
1984,1800,5179,,1984 1800 5179
1708,2454,2950,,1708 2454 2950
4625 9102 2255,,,,4625 9102 2255  
5139,5841,844,,5139 5841 844
5843,3868,2217,,5843 3868 2217
5728,5355,8771,,5728 5355 8771
4756 8307 7470,,,,4756 8307 7470  
4817,8695,4237,,4817 8695 4237
7300,6464,9487,,7300 6464 9487
6668,7309,2775,,6668 7309 2775
8718,7584,8374,,8718 7584 8374
8007,9995,8809,,8007 9995 8809
2259 2924 4290,,,,2259 2924 4290  
9466,1428,404,,9466 1428 404
2559 9479 0161,,,,2559 9479 0161  
4877 7397 0264,,,,4877 7397 0264  
4515,8600,196,,4515 8600 196
7558,3396,7835,,7558 3396 7835
4309,1006,1022,,4309 1006 1022
8183,6611,2333,,8183 6611 2333
1528,7143,8147,,1528 7143 8147
1671,5259,2088,,1671 5259 2088
5392,1349,3219,,5392 1349 3219
5854 0889 7859,,,,5854 0889 7859  
333,3057,1747,,333 3057 1747
6871,4972,2321,,6871 4972 2321
12,8767,1491,,12 8767 1491
1572,4388,386,,1572 4388 386
5186,3381,2552,,5186 3381 2552
6287,5399,4901,,6287 5399 4901
636,4835,7652,,636 4835 7652
1055 9102 5309,,,,1055 9102 5309  
2478,1198,6101,,2478 1198 6101
3518,9050,1537,,3518 9050 1537
2843 1436 0824,,,,2843 1436 0824  
1030,1399,722,,1030 1399 722
9349 5425 9370,,,,9349 5425 9370  
6760,668,6928,,6760 668 6928
6170,8875,869,,6170 8875 869
8841,4859,9031,,8841 4859 9031
8281,4374,4534,,8281 4374 4534
1496 4355 2356,,,,1496 4355 2356  
348,785,8542,,348 785 8542
6126 0366 7027,,,,6126 0366 7027  
5078,1030,2421,,5078 1030 2421
2212,5593,6801,,2212 5593 6801
5248 1255 3168,,,,5248 1255 3168  
8618,910,4488,,8618 910 4488
2492,7169,5851,,2492 7169 5851
5448,8172,271,,5448 8172 271
5805 6010 2842,,,,5805 6010 2842  
6782 2899 9453,,,,6782 2899 9453  
8430,5387,2306,,8430 5387 2306
5992,3472,9029,,5992 3472 9029
6809,5511,1010,,6809 5511 1010
7985 5061 9139,,,,7985 5061 9139  
472,9843,8203,,472 9843 8203
2191,2841,9816,,2191 2841 9816
2270,9173,7914,,2270 9173 7914
6478,3836,4592,,6478 3836 4592
2400,9898,4384,,2400 9898 4384
6475,3078,9613,,6475 3078 9613
2934 4632 1001,,,,2934 4632 1001  
9148,452,3667,,9148 452 3667
3830,4217,9572,,3830 4217 9572
2427,5000,5663,,2427 5000 5663
7505,204,550,,7505 204 550
511,9423,9106,,511 9423 9106
9376,9261,8312,,9376 9261 8312
6976,6512,3852,,6976 6512 3852
1692 5339 5240,,,,1692 5339 5240  
6924,7691,1919,,6924 7691 1919
4946,3612,1270,,4946 3612 1270
2745,4407,9905,,2745 4407 9905
4018,567,7358,,4018 567 7358
57,1366,2935,,57 1366 2935
2856,7684,3170,,2856 7684 3170
6728,6311,4872,,6728 6311 4872
7272,3720,5883,,7272 3720 5883
7689,8590,6637,,7689 8590 6637
8979 9567 2344,,,,8979 9567 2344  
8969,1693,1919,,8969 1693 1919
1114,9048,1009,,1114 9048 1009
6881 9754 4366,,,,6881 9754 4366  
2154 3446 5435,,,,2154 3446 5435  
9198,3630,902,,9198 3630 902
5162 5186 9725,,,,5162 5186 9725  
5193,9845,3122,,5193 9845 3122
7137 4927 3245,,,,7137 4927 3245  
3056 1183 4678,,,,3056 1183 4678  
0125 4210 4376,,,,0125 4210 4376  
1326,164,7211,,1326 164 7211
2254,769,7525,,2254 769 7525
1525 5594 5100,,,,1525 5594 5100  
9785,4129,673,,9785 4129 673
1596,3201,2296,,1596 3201 2296
3301,5258,4847,,3301 5258 4847
3976,1262,1688,,3976 1262 1688
7078 6053 6469,,,,7078 6053 6469  
2065,1200,2376,,2065 1200 2376
5770,3361,788,,5770 3361 788
5904 8895 7368,,,,5904 8895 7368  
4529,2191,8190,,4529 2191 8190
5710,1315,2609,,5710 1315 2609
711,4652,8477,,711 4652 8477
1516,4314,6801,,1516 4314 6801
4134,510,2432,,4134 510 2432
5031,3031,689,,5031 3031 689
1062,1482,4347,,1062 1482 4347
9481,595,2911,,9481 595 2911
5384 2305 2735,,,,5384 2305 2735  
7559,9014,7671,,7559 9014 7671
1407 5789 0728,,,,1407 5789 0728  
1182,1592,9829,,1182 1592 9829
8117,5760,1009,,8117 5760 1009
4498,2276,5825,,4498 2276 5825
8728,322,1297,,8728 322 1297
1183 7597 9828,,,,1183 7597 9828  
3196,6178,9276,,3196 6178 9276
5051,4235,7445,,5051 4235 7445
5067 5970 3173,,,,5067 5970 3173  
6940,7749,8820,,6940 7749 8820
4385 3436 3889,,,,4385 3436 3889  
8930,3239,6578,,8930 3239 6578
689,2821,1586,,689 2821 1586
146,1036,5067,,146 1036 5067
8404,701,8995,,8404 701 8995
8556 9082 0047,,,,8556 9082 0047  
4947 3504 8701,,,,4947 3504 8701  
1550 2067 1428,,,,1550 2067 1428  
4884,7578,9034,,4884 7578 9034
8807,4013,9089,,8807 4013 9089
7432,109,7046,,7432 109 7046
806,7569,8598,,806 7569 8598
1071,6554,4497,,1071 6554 4497
375,6461,9073,,375 6461 9073
5068,2570,5929,,5068 2570 5929
2254,1121,6395,,2254 1121 6395
9838,8562,5950,,9838 8562 5950
4907,6840,937,,4907 6840 937
5770,3271,2127,,5770 3271 2127
7251,182,357,,7251 182 357
4719 9733 2427,,,,4719 9733 2427  
1965,8145,7870,,1965 8145 7870
5531,6627,3485,,5531 6627 3485
2079,9459,4087,,2079 9459 4087
9788,3689,7999,,9788 3689 7999
1979 6092 1630,,,,1979 6092 1630  
6466 7054 6193,,,,6466 7054 6193  
6635,5336,9010,,6635 5336 9010
9405,3880,9728,,9405 3880 9728
5921 7436 6403,,,,5921 7436 6403  
7399,6375,804,,7399 6375 804
9587,9568,1891,,9587 9568 1891
0282 6751 7873,,,,0282 6751 7873  
133,2090,2280,,133 2090 2280
2359 3513 8749,,,,2359 3513 8749  
9519 8896 4510,,,,9519 8896 4510  
4591,1797,7845,,4591 1797 7845
8195 2967 0400,,,,8195 2967 0400  
171,4251,583,,171 4251 583
5669,3869,3796,,5669 3869 3796
7901,1311,115,,7901 1311 115
96,8562,950,,96 8562 950
0862 8644 7280,,,,0862 8644 7280  
1888,8287,781,,1888 8287 781
2799,6768,7828,,2799 6768 7828
9788 0747 7420,,,,9788 0747 7420  
7145,5245,7288,,7145 5245 7288
6838,6004,8653,,6838 6004 8653
48,4390,9641,,48 4390 9641
9580,708,9830,,9580 708 9830
5719 0256 8962,,,,5719 0256 8962  
8361,9047,2245,,8361 9047 2245
3628,1879,6638,,3628 1879 6638
0494 2448 1316,,,,0494 2448 1316  
9230,297,5438,,9230 297 5438
5779 5923 4126,,,,5779 5923 4126  
711,9179,292,,711 9179 292
4492,661,8289,,4492 661 8289
8921,7713,7480,,8921 7713 7480
8016,8587,1827,,8016 8587 1827
2474 6944 8171,,,,2474 6944 8171  
8321,6467,9418,,8321 6467 9418
8572 8699 8144,,,,8572 8699 8144  
1843,3399,7665,,1843 3399 7665
9773,5180,675,,9773 5180 675
760,5600,4810,,760 5600 4810
7247,2319,684,,7247 2319 684
2606,528,2598,,2606 528 2598
8210,1118,6616,,8210 1118 6616
5563,5588,9415,,5563 5588 9415
7363,5722,7410,,7363 5722 7410
4366 0032 6437,,,,4366 0032 6437  
1560,4423,6483,,1560 4423 6483
2912 5576 6587,,,,2912 5576 6587  
1953,9222,6202,,1953 9222 6202
672,9872,1992,,672 9872 1992
9842,3915,6745,,9842 3915 6745
8906,525,2015,,8906 525 2015
25,199,4331,,25 199 4331
8086 1524 5844,,,,8086 1524 5844  
6400 1451 1536,,,,6400 1451 1536  
6821,964,547,,6821 964 547
2786,6646,4882,,2786 6646 4882
6957,6511,6585,,6957 6511 6585
3214,5774,5143,,3214 5774 5143
2607,4483,4774,,2607 4483 4774
3136 0986 0343,,,,3136 0986 0343  
2460,8229,5666,,2460 8229 5666
8074,3134,471,,8074 3134 471
1716,8595,7617,,1716 8595 7617
5388,249,7818,,5388 249 7818
3205,4158,29,,3205 4158 29
6451 1526 3700,,,,6451 1526 3700  
6123,749,8401,,6123 749 8401
408,9023,6528,,408 9023 6528
5231,5667,6445,,5231 5667 6445
7569,4051,2223,,7569 4051 2223
949,9218,813,,949 9218 813
8866,1379,8049,,8866 1379 8049
6694 9492 8926,,,,6694 9492 8926  
5633,3129,2014,,5633 3129 2014
7967,6239,7098,,7967 6239 7098
2455,477,7616,,2455 477 7616
7302,6911,2314,,7302 6911 2314
3053,7320,7156,,3053 7320 7156
1310 7246 7764,,,,1310 7246 7764  
8174 2709 3851,,,,8174 2709 3851  
5272,698,2223,,5272 698 2223
5413,9926,3071,,5413 9926 3071
2966 3416 5482,,,,2966 3416 5482  
3281,207,5431,,3281 207 5431
8461,7839,5025,,8461 7839 5025
4090 3408 0105,,,,4090 3408 0105  
1892,2609,7677,,1892 2609 7677
8306,1404,8554,,8306 1404 8554
8720,5784,6200,,8720 5784 6200
4797,842,8916,,4797 842 8916
8401 1530 3442,,,,8401 1530 3442  
1761,2349,1000,,1761 2349 1000
8636 1800 5929,,,,8636 1800 5929  
3841,4779,1110,,3841 4779 1110
7933,608,7961,,7933 608 7961
9905,6265,9468,,9905 6265 9468
9752,303,1872,,9752 303 1872
4305,2558,510,,4305 2558 510
7718 7979 3661,,,,7718 7979 3661  
6680,5760,1677,,6680 5760 1677
852,4864,4595,,852 4864 4595
543,1025,4266,,543 1025 4266
5119,7751,4728,,5119 7751 4728
5087,9112,2209,,5087 9112 2209
3339,403,1085,,3339 403 1085
9872 8037 0416,,,,9872 8037 0416  
7540 9228 4200,,,,7540 9228 4200  
7016,1746,3483,,7016 1746 3483
6042,6011,7592,,6042 6011 7592
4268,5920,4290,,4268 5920 4290
1769,5807,5466,,1769 5807 5466
2358,208,3342,,2358 208 3342
8774,872,7274,,8774 872 7274
5565,9706,90,,5565 9706 90
4368 4822 4355,,,,4368 4822 4355  
5401,9914,2093,,5401 9914 2093
856,8235,3050,,856 8235 3050
7485 8456 5301,,,,7485 8456 5301  
6457,9234,2837,,6457 9234 2837
8744,6225,7502,,8744 6225 7502
3736,2114,504,,3736 2114 504
1892 5015 9968,,,,1892 5015 9968  
4953,1163,9036,,4953 1163 9036
7060 6884 6410,,,,7060 6884 6410  
8967,4181,1632,,8967 4181 1632
758,7609,1892,,758 7609 1892
9711 4608 9032,,,,9711 4608 9032  
7970 6903 1380,,,,7970 6903 1380  
9138 3178 3445,,,,9138 3178 3445  
7941 5991 8640,,,,7941 5991 8640  
5288,8198,8985,,5288 8198 8985
7744 1195 0441,,,,7744 1195 0441  
9310 9514 8374,,,,9310 9514 8374  
5696 7861 2370,,,,5696 7861 2370  
1904,8700,7126,,1904 8700 7126
9975 2782 4439,,,,9975 2782 4439  
1814,1311,2619,,1814 1311 2619
8218,3308,9396,,8218 3308 9396
7349,9248,2021,,7349 9248 2021
8182 0007 9583,,,,8182 0007 9583  
8428,6767,2024,,8428 6767 2024
1715,8751,5774,,1715 8751 5774
5790,1114,6731,,5790 1114 6731
5211,6377,407,,5211 6377 407
7525,5903,3003,,7525 5903 3003
3518,823,8160,,3518 823 8160
4346,4780,9115,,4346 4780 9115
6487,555,8940,,6487 555 8940
9880 9128 5110,,,,9880 9128 5110  
4068,61,8883,,4068 61 8883
2601 4269 4831,,,,2601 4269 4831  
9104 0642 3561,,,,9104 0642 3561  
3058,5678,940,,3058 5678 940
7230,5147,8896,,7230 5147 8896
4724 9138 4735,,,,4724 9138 4735  
5918,6870,4799,,5918 6870 4799
9022,8700,2068,,9022 8700 2068
913,1845,1123,,913 1845 1123
3127 0242 1099,,,,3127 0242 1099  
8480,8167,4240,,8480 8167 4240
6127,8831,3061,,6127 8831 3061
5407 8240 4787,,,,5407 8240 4787  
3405,1830,9349,,3405 1830 9349
5784,1182,9367,,5784 1182 9367
8571,7461,734,,8571 7461 734
4513,6697,1172,,4513 6697 1172
8627,5524,6134,,8627 5524 6134
2468,8509,9763,,2468 8509 9763
2302,8869,5315,,2302 8869 5315
3073 9043 6613,,,,3073 9043 6613  
3240 5262 6730,,,,3240 5262 6730  
7102,5696,9140,,7102 5696 9140
4593,5731,3489,,4593 5731 3489
2476,149,2860,,2476 149 2860
1206 1039 2029,,,,1206 1039 2029  
8511,551,6134,,8511 551 6134
2960 6241 5235,,,,2960 6241 5235  
1614,8121,7966,,1614 8121 7966
3662,8766,280,,3662 8766 280
7539,3183,9243,,7539 3183 9243
9488,4234,5100,,9488 4234 5100
118,5223,2203,,118 5223 2203
2512,7189,8571,,2512 7189 8571
6964,5889,8762,,6964 5889 8762
1269,436,7304,,1269 436 7304
1255 9425 1031,,,,1255 9425 1031  
4555,1924,3589,,4555 1924 3589
517,9789,4263,,517 9789 4263
7001 0461 0170,,,,7001 0461 0170  
3185,7618,8484,,3185 7618 8484
8705,7580,3474,,8705 7580 3474
0172 7078 1148,,,,0172 7078 1148  
2368 4690 8326,,,,2368 4690 8326  
4923,7366,5591,,4923 7366 5591
3585,3987,9444,,3585 3987 9444
4156,7967,6959,,4156 7967 6959
5103,9646,3784,,5103 9646 3784
8910,7599,8737,,8910 7599 8737
8015 6322 4928,,,,8015 6322 4928  
7112,9633,5703,,7112 9633 5703
9867 6369 8469,,,,9867 6369 8469  
3162,6858,8754,,3162 6858 8754
8847 0777 2015,,,,8847 0777 2015  
5509,5774,1017,,5509 5774 1017
1141,7049,6122,,1141 7049 6122
5673,3243,8401,,5673 3243 8401
6634,9594,5094,,6634 9594 5094
4986,4199,8238,,4986 4199 8238
3706,6817,8857,,3706 6817 8857
4068,2875,3975,,4068 2875 3975
5673 8409 6482,,,,5673 8409 6482  
6842,356,2272,,6842 356 2272
8500,5941,7718,,8500 5941 7718
2578,8645,5911,,2578 8645 5911
4936,9383,8262,,4936 9383 8262
0391 3965 7098,,,,0391 3965 7098  
3650,8648,6517,,3650 8648 6517
5548,2497,3082,,5548 2497 3082
7836 7270 5207,,,,7836 7270 5207  
813,2837,9399,,813 2837 9399
6389,5962,6448,,6389 5962 6448
2140,261,8734,,2140 261 8734
4030,3493,1422,,4030 3493 1422
4061,5650,5232,,4061 5650 5232
9171 0026 4269,,,,9171 0026 4269  
456,5082,249,,456 5082 249
1814 6507 4667,,,,1814 6507 4667  
3672,5377,9574,,3672 5377 9574
8691,5148,5250,,8691 5148 5250
5600 8026 3300,,,,5600 8026 3300  
1606,8649,5038,,1606 8649 5038
5237,4948,3524,,5237 4948 3524
1225,6095,3718,,1225 6095 3718
1556,616,928,,1556 616 928
8114,6893,4450,,8114 6893 4450
1706 5044 2896,,,,1706 5044 2896  
1351,4704,7353,,1351 4704 7353
941,5649,7908,,941 5649 7908
4002 6170 1393,,,,4002 6170 1393  
0815 4514 1602,,,,0815 4514 1602  
2930 3587 8566,,,,2930 3587 8566  
6590,330,1740,,6590 330 1740
9851 9537 1043,,,,9851 9537 1043  
3343,7174,8919,,3343 7174 8919
9717 8594 3500,,,,9717 8594 3500  
4110 4334 6913,,,,4110 4334 6913  
4269,5858,8458,,4269 5858 8458
1250,1816,1180,,1250 1816 1180
4639 7911 4089,,,,4639 7911 4089  
2718,9397,9978,,2718 9397 9978
996,5984,6430,,996 5984 6430
1480,182,787,,1480 182 787
7516 4048 4489,,,,7516 4048 4489  
2811,7449,8563,,2811 7449 8563
2091 3419 1712,,,,2091 3419 1712  
7607,1781,6157,,7607 1781 6157
2100,7565,7589,,2100 7565 7589
9411,5132,3844,,
8060,2998,5558,,
47,4372,528,,
1112,4994,3915,,
8215,1100,6338,,
4424,7984,817,,
7592,3578,8469,,
49,7819,9641,,
9802,7023,6406,,
4981,2592,8818,,
6640,9733,8395,,
3361,2467,3431,,
9799,3745,5861,,
433,314,1485,,
6151 5816 0302,,,,
2858,5606,4226,,
3176 9876 2493,,,,
4058 9460 4699,,,,
3758,7629,1228,,
9970,443,8747,,
5954 7331 9532,,,,
4642,5711,5134,,
1000,3632,5445,,
8319 0371 5820,,,,
3202,1177,2153,,
4006,2111,3403,,
4074,8225,9794,,
5425,2771,648,,
9047 2108 8074,,,,
8094,6671,6144,,
1386,7146,1138,,
2666,6220,1012,,
1826,4603,3188,,
4872,3896,6487,,
6680,1928,11,,
372,9668,8362,,
3517,7417,9030,,
1121,1930,9162,,
516,9029,3732,,
9136,7898,9037,,
8000,6349,4818,,
6188,1165,4326,,
5753,9014,3308,,
4579,718,2106,,
2786 4439 0551,,,,
9009,918,6724,,
1254,484,6282,,
529,2256,4561,,
9020,1238,1729,,
966,9679,332,,
408,8859,5921,,
572,835,7607,,
5900,8834,5364,,
153,846,7244,,
2295,7307,3492,,
6053,7964,3129,,
9396,7571,9042,,
5519,5772,9832,,
3948 9911 6935,,,,
6962,2173,126,,
2063,9612,5243,,
6315,3613,1441,,
1260,4549,1729,,
9455,3097,1049,,
2936 5107 9250,,,,
6185 3955 1526,,,,
1947,5401,7726,,
6920,3107,6373,,
2313,6948,9385,,
5545,7805,1584,,
1893,3964,9348,,
5420,8315,4897,,
677,2476,827,,
268,3028,8925,,
0921 5062 8630,,,,
654,1011,758,,
4931 0222 6388,,,,
6636,5222,750,,
2389,5681,1609,,
2128,817,2624,,
8846 7512 2100,,,,
625,1361,8401,,
6748,5614,912,,
7359,9698,9142,,
2434,1761,6176,,
2990,4016,4146,,
9911,6179,8303,,
3253,3977,5981,,
4856 2145 0618,,,,
4177,5799,3787,,
3864 8865 7995,,,,
9628,2667,9765,,
8720,246,76,,
2895,4519,2945,,
0085 3566 9247,,,,
1308 0142 0399,,,,
7347,264,2542,,
1286,8322,7663,,
0590 5351 9064,,,,
1237 2440 7995,,,,
9446,5866,2190,,
1743,4163,8022,,
6588,6561,7190,,
2450,920,2976,,
5394,6813,1900,,
5501,6800,5905,,
571,251,5205,,
2123,8978,5081,,
5817 1510 0584,,,,
206,4818,9900,,
1143 3841 3032,,,,
0968 7402 1252,,,,
7050 4276 3671,,,,
4008 0000 1622,,,,
7097,7064,9475,,
7368 0814 1537,,,,
6783 6329 1544,,,,
3010 3654 5158,,,,
3291 1125 9327,,,,
8045,3514,5684,,
5836,3028,2162,,
1998,9800,3940,,
3218 6935 6648,,,,
9951 0443 0962,,,,
1687 3852 0993,,,,
9585,9030,6488,,
6101,9895,7889,,
7821,9447,2221,,
7390,9306,8673,,
7570,3555,3644,,
1035,1504,7822,,
0330 2201 1513,,,,
9101 4076 4807,,,,
6183 9232 3966,,,,
8780 4777 7112,,,,
3547,3368,6493,,
2829 7219 9826,,,,
3924 8522 9400,,,,
8464 4154 4473,,,,
4786,642,3238,,
8400,6834,9043,,
7901 1764 0937,,,,
3003,4524,5734,,
7111 5420 0606,,,,
2314,8589,9520,,
347,5186,8010,,
5170 6326 1245,,,,
9298 8114 3294,,,,
8987,1954,2613,,
1040,5967,8580,,
9095,1377,9123,,
7771,1,575,,
1034,3771,5072,,
4741,2369,8173,,
385,9086,7436,,
3835 0697 8812,,,,
7318 5939 2343,,,,
1673,6714,2306,,
3218,3804,8342,,
5119,8124,7881,,
6032 5769 8111,,,,
4880 9615 9455,,,,
5735 4426 1857,,,,
9418 0075 0834,,,,
9059,7280,8707,,
9103 0519 8982,,,,
5959,1008,3160,,
8419,6238,8249,,
3866,3015,1146,,
4255,5916,869,,
3168,8052,2969,,
691,4484,2300,,
9118,9459,4586,,
1940 3812 9987,,,,
6257,1601,3563,,
631,8895,632,,
2466 6630 0693,,,,
2833,2036,946,,
4969,1906,2118,,
4490,1610,7660,,
6754 6309 6678,,,,
9129,9711,4298,,
1059 1142 1016,,,,
1617,9059,6773,,
9387 4815 3109,,,,
5825,4377,9499,,
2821,2811,9061,,
9642 4459 3263,,,,
4803,6793,8590,,
3489,7579,1160,,
2378 6373 4023,,,,
7724,9684,2224,,
5939,1810,4615,,
0314 5959 5022,,,,
620,1534,9685,,
0967 5197 5677,,,,
5388 5787 6161,,,,
7298,8301,7469,,
9329,7849,6832,,
1266,1625,5422,,
3597,9754,7251,,
4171,9016,5746,,
1695,5125,6529,,
2006,3368,8290,,
1645,7098,3868,,
6509 7656 4218,,,,
2852,2529,617,,
7944,2916,7160,,
1064,8128,9740,,
3019,6676,9152,,
9810 7491 9197,,,,
196,5358,685,,
2833,9549,4778,,
3164,2683,6358,,
1906,9663,252,,
3287 9055 9534,,,,
6216 9467 7799,,,,
679,6796,6622,,
9946 0703 4091,,,,
6231 2411 0496,,,,
9911 3415 9276,,,,
6213,6779,1351,,
7001 4393 1417,,,,
7844,4319,3967,,
1008,3620,1713,,
4509 0311 0579,,,,
5194,1809,9907,,
2845,2676,7563,,
3598,1948,7636,,
9527,6125,8140,,
8672 6381 0643,,,,
6645 4467 2150,,,,
1002 2464 6074,,,,
1410 1910 9381,,,,
8698,6969,4781,,
0646 1609 6259,,,,
5252,5211,6115,,
7870,2235,4580,,
353,5074,3746,,
3207,6834,5704,,
6274,1190,1526,,
4829,7426,2986,,
3652 0458 3658,,,,
7635,3106,9179,,
6801,6650,571,,
4500,8749,2553,,
6784,1959,8640,,
315,8496,8153,,
2480 9685 9947,,,,
3798,2024,9212,,
4078,4308,2426,,
423,4774,7821,,
4106,5951,9682,,
2899,4510,440,,
3886,2046,1802,,
8911,510,1345,,
2092,2101,2840,,
3927,441,8321,,
7352,780,5320,,
7437 6608 5253,,,,
3608,3211,5374,,
4997,2836,2699,,
1717,41,3619,,
9681 6664 4949,,,,
4074,5550,1936,,
7307,554,5098,,
1229,4676,224,,
1518 4904 2191,,,,
3357,1967,6412,,
2637,4380,1126,,
1744,6204,821,,
7000,4923,2281,,
145,3159,7962,,
7601,1457,904,,
2288,8494,5038,,
4764 0526 5459,,,,
6569 2042 6873,,,,
3235,6563,5671,,
4188,5207,5566,,
2917 4017 7607,,,,
8801 9244 0414,,,,
9831 7621 1784,,,,
230,3421,6239,,
9356 8545 6148,,,,
6118 2915 6916,,,,
5221 8621 8171,,,,
7512 2937 6429,,,,
2004 5018 6446,,,,
2261 2048 0323,,,,
1448,6112,8858,,
300,2666,8687,,
1283,9865,164,,
339,7726,8488,,
9867,3388,1949,,
1113,9253,1738,,
5485,5666,1103,,
9808 7896 0353,,,,
1654,2970,296,,
8993 8601 7610,,,,
9306,8263,8301,,
8581,3634,2715,,
5688 7672 5958,,,,
498,2141,513,,
3299,1280,8368,,
6381,6992,601,,
1420,6619,766,,
3638,5902,7,,
2898 8441 5367,,,,
7075,8877,8369,,
907,1561,8317,,
6460,3947,1492,,
8108,5262,4267,,
8954,8873,1348,,
2021,6043,5292,,
6441 7954 9238,,,,
3603,1865,1891,,
9031 9104 3987,,,,
8621,7437,6929,,
9945,4700,9989,,
9004,7100,5625,,
3301 3505 7353,,,,
6810 2321 5597,,,,
2655,1593,2250,,
0048 6436 1046,,,,
1294,1944,677,,
4804,8727,516,,
1479,8117,3524,,
6708,6499,872,,
9880 2808 8035,,,,
7607 5400 1462,,,,
1027,7280,4863,,
8704 0065 7496,,,,
2073,8177,4825,,
2243,21,5690,,
1538 3400 7862,,,,
1739,16,4947,,
203,8404,1460,,
9695 7724 2167,,,,
3913 6060 3299,,,,
8141,2916,9371,,
7766,2164,4348,,
3336,5738,9301,,
163,9308,1210,,
1773,6507,3613,,
2678,100,5964,,
4351,1317,7214,,
6861,3088,9820,,
927,4474,1556,,
8732,7921,8756,,
8310,1953,1464,,
4327,1996,3088,,
3589,6078,6367,,
6459,5866,9116,,
6733,3454,7686,,
4432,7562,8716,,
4795,9751,1301,,
5012 2146 3599,,,,
4967,4317,5106,,
3960,323,5795,,
9546,7341,9726,,
760,5068,1616,,
1335,5755,1738,,
1411,9080,3572,,
8431,1591,6592,,
149,9056,5274,,
1981,8112,386,,
1915 2875 6492,,,,
7185 9428 2237,,,,
2646 5707 7460,,,,
7995,7,7707,,
151,8121,7378,,
5850,534,3718,,
0972 7252 8128,,,,
2115 0696 2021,,,,
6338,2330,8606,,
5864,8951,9423,,
1063,8961,7404,,
4192 8776 1290,,,,
3530 1292 8570,,,,
3508,8611,8983,,
1837,8615,4956,,
9986,3712,2121,,
1034,6932,8792,,
5165 1476 5695,,,,
8478,3797,7336,,
9273,1438,1169,,
2120,2469,6319,,
8678,1844,745,,
7288,8952,2436,,
3044,1706,1432,,
1051,3274,4962,,
3342,5037,4011,,
1986,2240,1439,,
1802,4205,7739,,
110,8761,2250,,
5920,2874,3928,,
